date,energy
2025-01-01 00:00:00,30.993428306022466
2025-01-01 01:00:00,32.31166184868284
2025-01-01 02:00:00,36.29537707620138
2025-01-01 03:00:00,40.11712752468153
2025-01-01 04:00:00,38.191947288397714
2025-01-01 05:00:00,39.19098434899232
2025-01-01 06:00:00,43.15842563101478
2025-01-01 07:00:00,41.1941277211965
2025-01-01 08:00:00,37.721305265974486
2025-01-01 09:00:00,38.156187899037405
2025-01-01 10:00:00,34.073164614375074
2025-01-01 11:00:00,31.6567309438847
2025-01-01 12:00:00,30.48392454313207
2025-01-01 13:00:00,23.585249059659194
2025-01-01 14:00:00,21.55016433497394
2025-01-01 15:00:00,21.804357129652583
2025-01-01 16:00:00,19.314083721486767
2025-01-01 17:00:00,20.969236402299867
2025-01-01 18:00:00,18.183951848957577
2025-01-01 19:00:00,17.516134334438732
2025-01-01 20:00:00,24.271043499998722
2025-01-01 21:00:00,22.477379587161455
2025-01-01 22:00:00,25.135056409375846
2025-01-01 23:00:00,24.56231317654787
2025-01-02 00:00:00,28.91123455094963
2025-01-02 01:00:00,32.81003563044494
2025-01-02 02:00:00,32.6980128451554
2025-01-02 03:00:00,37.82246384855682
2025-01-02 04:00:00,37.45897665800677
2025-01-02 05:00:00,39.075870763304124
2025-01-02 06:00:00,38.79658677554121
2025-01-02 07:00:00,43.36381463190856
2025-01-02 08:00:00,38.633259588368524
2025-01-02 09:00:00,34.95564595395367
2025-01-02 10:00:00,36.64508982420638
2025-01-02 11:00:00,30.14650315108316
2025-01-02 12:00:00,30.417727190009515
2025-01-02 13:00:00,23.492469301215248
2025-01-02 14:00:00,22.343627902203146
2025-01-02 15:00:00,23.322654659872782
2025-01-02 16:00:00,22.816679122146432
2025-01-02 17:00:00,20.683478299489263
2025-01-02 18:00:00,19.768703435223518
2025-01-02 19:00:00,19.738534345930738
2025-01-02 20:00:00,18.382701981420755
2025-01-02 21:00:00,21.489243771345112
2025-01-02 22:00:00,24.07872245808041
2025-01-02 23:00:00,29.52605400141262
2025-01-03 00:00:00,30.68723657913692
2025-01-03 01:00:00,29.06211014029973
2025-01-03 02:00:00,35.6481679387896
2025-01-03 03:00:00,36.300903251032835
2025-01-03 04:00:00,37.306410037232475
2025-01-03 05:00:00,40.88261084057242
2025-01-03 06:00:00,42.0619990449919
2025-01-03 07:00:00,41.52181850112308
2025-01-03 08:00:00,36.981818991399116
2025-01-03 09:00:00,36.45264306016306
2025-01-03 10:00:00,35.66252686280713
2025-01-03 11:00:00,34.53928070526993
2025-01-03 12:00:00,29.041651524309444
2025-01-03 13:00:00,27.04049159564717
2025-01-03 14:00:00,22.787330051987954
2025-01-03 15:00:00,20.536518939973185
2025-01-03 16:00:00,22.96479760694402
2025-01-03 17:00:00,23.053221794250966
2025-01-03 18:00:00,19.855979756839332
2025-01-03 19:00:00,22.347807532893363
2025-01-03 20:00:00,22.063018012250886
2025-01-03 21:00:00,21.638692678924265
2025-01-03 22:00:00,25.722791211016826
2025-01-03 23:00:00,30.487882681906743
2025-01-04 00:00:00,29.92834792178009
2025-01-04 01:00:00,35.71747776265319
2025-01-04 02:00:00,29.760509791820496
2025-01-04 03:00:00,38.71487282061592
2025-01-04 04:00:00,38.834348174320716
2025-01-04 05:00:00,39.061243561958946
2025-01-04 06:00:00,40.183521553071
2025-01-04 07:00:00,35.6841204336889
2025-01-04 08:00:00,38.220910262169355
2025-01-04 09:00:00,37.78529295488898
2025-01-04 10:00:00,37.955788089483065
2025-01-04 11:00:00,31.551650014477904
2025-01-04 12:00:00,28.38301279421363
2025-01-04 13:00:00,26.408295461805714
2025-01-04 14:00:00,26.830804235404162
2025-01-04 15:00:00,23.58643440745392
2025-01-04 16:00:00,20.28022555462155
2025-01-04 17:00:00,21.36727660333603
2025-01-04 18:00:00,20.19415509869608
2025-01-04 19:00:00,22.27803171817509
2025-01-04 20:00:00,19.93563977440089
2025-01-04 21:00:00,22.273607894938973
2025-01-04 22:00:00,24.21578369373568
2025-01-04 23:00:00,24.484779652710564
2025-01-05 00:00:00,30.59224055412914
2025-01-05 01:00:00,33.110300995384954
2025-01-05 02:00:00,35.01022691328491
2025-01-05 03:00:00,36.60189354511518
2025-01-05 04:00:00,35.82951255374357
2025-01-05 05:00:00,38.81796761735996
2025-01-05 06:00:00,39.31457096694646
2025-01-05 07:00:00,38.05470372444745
2025-01-05 08:00:00,38.33768261451236
2025-01-05 09:00:00,37.87916952549454
2025-01-05 10:00:00,38.77237180242107
2025-01-05 11:00:00,32.93734607668891
2025-01-05 12:00:00,30.51510078144554
2025-01-05 13:00:00,27.262917717442487
2025-01-05 14:00:00,21.1624575694019
2025-01-05 15:00:00,22.87590443723609
2025-01-05 16:00:00,21.46020638203768
2025-01-05 17:00:00,25.26722596207989
2025-01-05 18:00:00,19.615278070437753
2025-01-05 19:00:00,20.94383642177655
2025-01-05 20:00:00,21.270322422745128
2025-01-05 21:00:00,20.591576112895446
2025-01-05 22:00:00,27.285645629030036
2025-01-05 23:00:00,28.915675614348313
2025-01-06 00:00:00,31.582063894086048
2025-01-06 01:00:00,30.769415541435734
2025-01-06 02:00:00,37.80558862187218
2025-01-06 03:00:00,34.26736568628088
2025-01-06 04:00:00,39.83396822544491
2025-01-06 05:00:00,44.04016951451064
2025-01-06 06:00:00,38.018927349738625
2025-01-06 07:00:00,38.52666280368513
2025-01-06 08:00:00,38.85955676801969
2025-01-06 09:00:00,36.064116503633095
2025-01-06 10:00:00,31.898673137867743
2025-01-06 11:00:00,32.725316400637254
2025-01-06 12:00:00,27.875392572547767
2025-01-06 13:00:00,28.358994410245188
2025-01-06 14:00:00,23.16115153153241
2025-01-06 15:00:00,26.028800998169608
2025-01-06 16:00:00,19.773239377483137
2025-01-06 17:00:00,19.69661870469796
2025-01-06 18:00:00,21.62703443473934
2025-01-06 19:00:00,17.879013104241402
2025-01-06 20:00:00,21.79466583136387
2025-01-06 21:00:00,25.543217696699337
2025-01-06 22:00:00,21.785033530877566
2025-01-06 23:00:00,27.78107726603937
2025-01-07 00:00:00,30.51976558849683
2025-01-07 01:00:00,34.15183619457983
2025-01-07 02:00:00,32.52609857824379
2025-01-07 03:00:00,34.43015458569695
2025-01-07 04:00:00,39.70413716907817
2025-01-07 05:00:00,40.253227609357054
2025-01-07 06:00:00,40.50098570069175
2025-01-07 07:00:00,40.35215468188465
2025-01-07 08:00:00,37.30020459468743
2025-01-07 09:00:00,37.535575206187495
2025-01-07 10:00:00,35.58614494659737
2025-01-07 11:00:00,31.15948761497247
2025-01-07 12:00:00,33.73154902228956
2025-01-07 13:00:00,28.359475390798405
2025-01-07 14:00:00,22.61739300559472
2025-01-07 15:00:00,24.242039405402192
2025-01-07 16:00:00,19.39038262170097
2025-01-07 17:00:00,21.914910944594233
2025-01-07 18:00:00,22.317191158014808
2025-01-07 19:00:00,18.69937710040589
2025-01-07 20:00:00,23.26649822064422
2025-01-07 21:00:00,23.75449404200748
2025-01-07 22:00:00,26.644120319989
2025-01-07 23:00:00,31.205395514282724
2025-01-08 00:00:00,29.509223767994243
2025-01-08 01:00:00,31.080718122310227
2025-01-08 02:00:00,33.220971140748965
2025-01-08 03:00:00,35.43944724193457
2025-01-08 04:00:00,38.50605061901616
2025-01-08 05:00:00,40.34156221252397
2025-01-08 06:00:00,40.55338159866004
2025-01-08 07:00:00,41.313624760962746
2025-01-08 08:00:00,38.68625782160022
2025-01-08 09:00:00,39.97813596618008
2025-01-08 10:00:00,34.4706863335241
2025-01-08 11:00:00,38.02852878420444
2025-01-08 12:00:00,31.251334695529994
2025-01-08 13:00:00,25.697494436142264
2025-01-08 14:00:00,22.858215003877795
2025-01-08 15:00:00,23.893877018620902
2025-01-08 16:00:00,20.892820391503946
2025-01-08 17:00:00,21.768742725293514
2025-01-08 18:00:00,20.94647524914709
2025-01-08 19:00:00,20.195083911795585
2025-01-08 20:00:00,19.6461585260188
2025-01-08 21:00:00,19.899237738762803
2025-01-08 22:00:00,24.106970095865975
2025-01-08 23:00:00,29.1246071376217
2025-01-09 00:00:00,30.428187488260388
2025-01-09 01:00:00,30.09671289360123
2025-01-09 02:00:00,35.346361851702305
2025-01-09 03:00:00,37.84170257132311
2025-01-09 04:00:00,36.8925391654421
2025-01-09 05:00:00,39.96670847478172
2025-01-09 06:00:00,40.116417436892
2025-01-09 07:00:00,37.373317667229436
2025-01-09 08:00:00,39.37582875854094
2025-01-09 09:00:00,38.192636864601965
2025-01-09 10:00:00,37.16610248635057
2025-01-09 11:00:00,34.69579455509501
2025-01-09 12:00:00,27.244661264085874
2025-01-09 13:00:00,25.53615946914459
2025-01-09 14:00:00,26.03007053441734
2025-01-09 15:00:00,23.956504089958997
2025-01-09 16:00:00,22.369841334767706
2025-01-09 17:00:00,28.046204718418753
2025-01-09 18:00:00,21.141781021386333
2025-01-09 19:00:00,22.611873017470508
2025-01-09 20:00:00,23.247749489142016
2025-01-09 21:00:00,24.231714690746124
2025-01-09 22:00:00,24.369461510719265
2025-01-09 23:00:00,28.929747989961292
2025-01-10 00:00:00,28.454349570924833
2025-01-10 01:00:00,32.11455323754512
2025-01-10 02:00:00,34.02927290434174
2025-01-10 03:00:00,37.234816090638134
2025-01-10 04:00:00,43.28957117119142
2025-01-10 05:00:00,35.92472787770718
2025-01-10 06:00:00,41.37252038074903
2025-01-10 07:00:00,36.433826520511374
2025-01-10 08:00:00,37.716390306265545
2025-01-10 09:00:00,39.24896900580023
2025-01-10 10:00:00,35.12856003819094
2025-01-10 11:00:00,30.432700895166665
2025-01-10 12:00:00,28.569392581480123
2025-01-10 13:00:00,28.771005046844184
2025-01-10 14:00:00,23.53926673656569
2025-01-10 15:00:00,23.361849367298486
2025-01-10 16:00:00,21.43088964196324
2025-01-10 17:00:00,19.03754104189768
2025-01-10 18:00:00,24.28788817865065
2025-01-10 19:00:00,21.608579781745334
2025-01-10 20:00:00,17.289460788840394
2025-01-10 21:00:00,23.30184081767333
2025-01-10 22:00:00,23.676427070463177
2025-01-10 23:00:00,29.116676218567203
2025-01-11 00:00:00,28.4149585231345
2025-01-11 01:00:00,32.3587175680914
2025-01-11 02:00:00,36.00997455796092
2025-01-11 03:00:00,38.80257820020573
2025-01-11 04:00:00,36.25966122373281
2025-01-11 05:00:00,38.990255791208774
2025-01-11 06:00:00,39.05010937767809
2025-01-11 07:00:00,38.35259979774326
2025-01-11 08:00:00,42.19116251840661
2025-01-11 09:00:00,37.88103123378746
2025-01-11 10:00:00,32.47823209132992
2025-01-11 11:00:00,34.42391434513469
2025-01-11 12:00:00,34.24431239402526
2025-01-11 13:00:00,29.47674007007713
2025-01-11 14:00:00,21.96126006809194
2025-01-11 15:00:00,21.960464042402037
2025-01-11 16:00:00,23.873568260528895
2025-01-11 17:00:00,18.92540280587175
2025-01-11 18:00:00,20.887638856292458
2025-01-11 19:00:00,21.890009843967963
2025-01-11 20:00:00,19.485885018999436
2025-01-11 21:00:00,22.809881476010876
2025-01-11 22:00:00,18.51746531986187
2025-01-11 23:00:00,25.363034266306173
2025-01-12 00:00:00,29.494863697213724
2025-01-12 01:00:00,30.0926240870955
2025-01-12 02:00:00,38.264822607863216
2025-01-12 03:00:00,34.21078505594422
2025-01-12 04:00:00,37.7801650644504
2025-01-12 05:00:00,39.92073941746284
2025-01-12 06:00:00,42.88254657813223
2025-01-12 07:00:00,36.787533960531825
2025-01-12 08:00:00,40.9865815421543
2025-01-12 09:00:00,37.09153393390468
2025-01-12 10:00:00,33.03698269790406
2025-01-12 11:00:00,33.51239739955175
2025-01-12 12:00:00,30.398119391147006
2025-01-12 13:00:00,26.21137579465718
2025-01-12 14:00:00,25.139604169980068
2025-01-12 15:00:00,22.15830499441107
2025-01-12 16:00:00,21.566780652658114
2025-01-12 17:00:00,21.665003086151426
2025-01-12 18:00:00,23.172033632290706
2025-01-12 19:00:00,17.86511073945561
2025-01-12 20:00:00,25.60581271146817
2025-01-12 21:00:00,19.02475658908952
2025-01-12 22:00:00,24.696429809928784
2025-01-12 23:00:00,28.588443961943973
2025-01-13 00:00:00,30.561983735470037
2025-01-13 01:00:00,31.34279141138394
2025-01-13 02:00:00,34.58375549928545
2025-01-13 03:00:00,36.085065942547764
2025-01-13 04:00:00,37.48152452395591
2025-01-13 05:00:00,41.35846245693272
2025-01-13 06:00:00,40.71403097193009
2025-01-13 07:00:00,38.27343907236937
2025-01-13 08:00:00,40.45945378871091
2025-01-13 09:00:00,37.68566685361867
2025-01-13 10:00:00,36.62572423767794
2025-01-13 11:00:00,33.84744813487251
2025-01-13 12:00:00,28.34200997815585
2025-01-13 13:00:00,26.291447468580902
2025-01-13 14:00:00,26.494587210246618
2025-01-13 15:00:00,24.14967271900147
2025-01-13 16:00:00,21.29794277422736
2025-01-13 17:00:00,20.57539650372688
2025-01-13 18:00:00,22.55532979157685
2025-01-13 19:00:00,19.157598959437667
2025-01-13 20:00:00,22.43394072449568
2025-01-13 21:00:00,22.524546883266684
2025-01-13 22:00:00,24.564637593545566
2025-01-13 23:00:00,29.60936325294913
2025-01-14 00:00:00,31.650832697975957
2025-01-14 01:00:00,34.21520972302647
2025-01-14 02:00:00,37.610957614308596
2025-01-14 03:00:00,37.113075495131
2025-01-14 04:00:00,40.0241599804343
2025-01-14 05:00:00,39.03872474970378
2025-01-14 06:00:00,40.64833270497689
2025-01-14 07:00:00,39.39897215415533
2025-01-14 08:00:00,38.85424596782982
2025-01-14 09:00:00,38.261381862739334
2025-01-14 10:00:00,33.36355863353314
2025-01-14 11:00:00,36.77296500239614
2025-01-14 12:00:00,27.987965237000665
2025-01-14 13:00:00,24.983432323399448
2025-01-14 14:00:00,27.31622174700017
2025-01-14 15:00:00,24.512257576060364
2025-01-14 16:00:00,22.587985596259998
2025-01-14 17:00:00,21.597432755637893
2025-01-14 18:00:00,19.97550645430617
2025-01-14 19:00:00,18.546232994137647
2025-01-14 20:00:00,21.49135507854309
2025-01-14 21:00:00,21.5746087651103
2025-01-14 22:00:00,26.95023946683557
2025-01-14 23:00:00,27.1176947859704
2025-01-15 00:00:00,28.34900560641494
2025-01-15 01:00:00,31.945418767719133
2025-01-15 02:00:00,35.825862908551244
2025-01-15 03:00:00,35.94361870625748
2025-01-15 04:00:00,37.01581324671153
2025-01-15 05:00:00,40.146632685874465
2025-01-15 06:00:00,40.489933142217446
2025-01-15 07:00:00,38.64537191214842
2025-01-15 08:00:00,37.718177426607774
2025-01-15 09:00:00,37.53516768658073
2025-01-15 10:00:00,32.10383131700538
2025-01-15 11:00:00,29.773262902272045
2025-01-15 12:00:00,28.56311155749527
2025-01-15 13:00:00,26.984915245551154
2025-01-15 14:00:00,25.621815131196108
2025-01-15 15:00:00,25.879644622033645
2025-01-15 16:00:00,23.055065208559693
2025-01-15 17:00:00,20.020864677182466
2025-01-15 18:00:00,19.96196758419462
2025-01-15 19:00:00,18.335683007833673
2025-01-15 20:00:00,21.302719690170825
2025-01-15 21:00:00,22.35161491029419
2025-01-15 22:00:00,25.64543712067618
2025-01-15 23:00:00,25.7573476618701
2025-01-16 00:00:00,31.03869302848238
2025-01-16 01:00:00,35.65366827703021
2025-01-16 02:00:00,34.78247970308622
2025-01-16 03:00:00,37.874491256063365
2025-01-16 04:00:00,40.04054202126659
2025-01-16 05:00:00,38.85681731911902
2025-01-16 06:00:00,40.44818496362083
2025-01-16 07:00:00,39.68444306445426
2025-01-16 08:00:00,38.855606234942115
2025-01-16 09:00:00,35.52504824415457
2025-01-16 10:00:00,35.04902034851797
2025-01-16 11:00:00,33.58418703351612
2025-01-16 12:00:00,32.90228721559016
2025-01-16 13:00:00,29.330351201145195
2025-01-16 14:00:00,29.30636491502303
2025-01-16 15:00:00,21.394237062358496
2025-01-16 16:00:00,23.084387235596978
2025-01-16 17:00:00,20.70742574858604
2025-01-16 18:00:00,24.379605866435345
2025-01-16 19:00:00,18.724145166399
2025-01-16 20:00:00,19.660302277794084
2025-01-16 21:00:00,21.73014689724637
2025-01-16 22:00:00,20.752208551380328
2025-01-16 23:00:00,26.360299505613153
2025-01-17 00:00:00,28.481734676892565
2025-01-17 01:00:00,32.88897802397767
2025-01-17 02:00:00,35.68351195155431
2025-01-17 03:00:00,40.82340949029731
2025-01-17 04:00:00,40.56110171421643
2025-01-17 05:00:00,38.50545095156587
2025-01-17 06:00:00,38.20317065730328
2025-01-17 07:00:00,40.6430966059037
2025-01-17 08:00:00,36.01978762380313
2025-01-17 09:00:00,40.73398534357417
2025-01-17 10:00:00,37.35888024144273
2025-01-17 11:00:00,31.64983914681589
2025-01-17 12:00:00,26.573730941818248
2025-01-17 13:00:00,30.119554297305676
2025-01-17 14:00:00,24.77092030949474
2025-01-17 15:00:00,25.404564812081468
2025-01-17 16:00:00,18.15089064456685
2025-01-17 17:00:00,19.14199169120181
2025-01-17 18:00:00,20.010487399436368
2025-01-17 19:00:00,20.43470292463877
2025-01-17 20:00:00,20.43961501919711
2025-01-17 21:00:00,24.174632052829462
2025-01-17 22:00:00,22.86475914123481
2025-01-17 23:00:00,27.127050578932288
2025-01-18 00:00:00,30.240591263423685
2025-01-18 01:00:00,33.61706811914268
2025-01-18 02:00:00,36.42322975617771
2025-01-18 03:00:00,34.821783628189735
2025-01-18 04:00:00,35.59202569637311
2025-01-18 05:00:00,42.21461190668771
2025-01-18 06:00:00,40.66462802395918
2025-01-18 07:00:00,38.16228518977759
2025-01-18 08:00:00,41.76255798888943
2025-01-18 09:00:00,37.30241708045123
2025-01-18 10:00:00,37.358594368127626
2025-01-18 11:00:00,32.72322741384544
2025-01-18 12:00:00,34.12149584976391
2025-01-18 13:00:00,30.92249123386133
2025-01-18 14:00:00,24.502071703041896
2025-01-18 15:00:00,24.87207409004331
2025-01-18 16:00:00,22.63049786132592
2025-01-18 17:00:00,23.078004852174033
2025-01-18 18:00:00,18.07015307883979
2025-01-18 19:00:00,21.712844657106217
2025-01-18 20:00:00,23.45659493585474
2025-01-18 21:00:00,19.411453215288283
2025-01-18 22:00:00,22.633482974668386
2025-01-18 23:00:00,23.333345193454605
2025-01-19 00:00:00,29.46118633111084
2025-01-19 01:00:00,34.02327496261717
2025-01-19 02:00:00,38.00471410419192
2025-01-19 03:00:00,37.21925737270497
2025-01-19 04:00:00,41.91748512898691
2025-01-19 05:00:00,36.89905534646089
2025-01-19 06:00:00,36.59323512128969
2025-01-19 07:00:00,39.54816286509745
2025-01-19 08:00:00,39.42838493572297
2025-01-19 09:00:00,37.00567831567737
2025-01-19 10:00:00,30.865115799920282
2025-01-19 11:00:00,32.40995037199972
2025-01-19 12:00:00,27.391060998990305
2025-01-19 13:00:00,28.751154646634934
2025-01-19 14:00:00,25.733196492193677
2025-01-19 15:00:00,21.049172615479943
2025-01-19 16:00:00,20.312012127482273
2025-01-19 17:00:00,18.222314693331416
2025-01-19 18:00:00,19.874641805453656
2025-01-19 19:00:00,22.2510263781118
2025-01-19 20:00:00,19.36829386948451
2025-01-19 21:00:00,23.93702521917025
2025-01-19 22:00:00,23.939484763254992
2025-01-19 23:00:00,25.826063884450047
2025-01-20 00:00:00,29.785939280090766
2025-01-20 01:00:00,30.517705806186427
2025-01-20 02:00:00,33.89270138930556
2025-01-20 03:00:00,34.67531202668778
2025-01-20 04:00:00,42.5897043036772
2025-01-20 05:00:00,39.72978536683411
2025-01-20 06:00:00,38.60054898401483
2025-01-20 07:00:00,40.087218084359144
2025-01-20 08:00:00,38.43559793846272
2025-01-20 09:00:00,36.62912861279907
2025-01-20 10:00:00,36.228333400086825
2025-01-20 11:00:00,34.10320587111998
2025-01-20 12:00:00,28.938997704779027
2025-01-20 13:00:00,26.26017306768557
2025-01-20 14:00:00,24.449896605696757
2025-01-20 15:00:00,18.325089858663333
2025-01-20 16:00:00,18.30936383775852
2025-01-20 17:00:00,23.07449027199835
2025-01-20 18:00:00,23.28993542700257
2025-01-20 19:00:00,19.84266965799655
2025-01-20 20:00:00,22.492859888267095
2025-01-20 21:00:00,23.551432497221583
2025-01-20 22:00:00,31.157761616910406
2025-01-20 23:00:00,29.650959371843953
2025-01-21 00:00:00,29.744164817038275
2025-01-21 01:00:00,30.677109569824253
2025-01-21 02:00:00,31.787107359484843
2025-01-21 03:00:00,37.477995083599865
2025-01-21 04:00:00,37.14755254727578
2025-01-21 05:00:00,36.81475084369533
2025-01-21 06:00:00,38.706854231514946
2025-01-21 07:00:00,37.496162255661936
2025-01-21 08:00:00,42.03453730798955
2025-01-21 09:00:00,38.83434732576447
2025-01-21 10:00:00,34.9840547173668
2025-01-21 11:00:00,35.54807872880522
2025-01-21 12:00:00,30.15473661529539
2025-01-21 13:00:00,25.689241146318334
2025-01-21 14:00:00,28.0462481545393
2025-01-21 15:00:00,24.00675227550377
2025-01-21 16:00:00,19.265253653502747
2025-01-21 17:00:00,19.960064380942104
2025-01-21 18:00:00,18.248763493230484
2025-01-21 19:00:00,17.57514227518061
2025-01-21 20:00:00,23.192101057218878
2025-01-21 21:00:00,26.747765469074817
2025-01-21 22:00:00,22.20286485236183
2025-01-21 23:00:00,28.53774802235587
2025-01-22 00:00:00,28.69871486175637
2025-01-22 01:00:00,31.613939683495644
2025-01-22 02:00:00,33.81521215152218
2025-01-22 03:00:00,35.343086272505836
2025-01-22 04:00:00,38.75729729373408
2025-01-22 05:00:00,37.997358030068575
2025-01-22 06:00:00,40.54091365155968
2025-01-22 07:00:00,39.55878204399247
2025-01-22 08:00:00,38.182357944111644
2025-01-22 09:00:00,35.255940487782325
2025-01-22 10:00:00,33.84645733886331
2025-01-22 11:00:00,34.098972902676614
2025-01-22 12:00:00,31.00183437524885
2025-01-22 13:00:00,25.45669905937769
2025-01-22 14:00:00,25.198664610858625
2025-01-22 15:00:00,24.431706434878183
2025-01-22 16:00:00,18.000935399912883
2025-01-22 17:00:00,21.427462121869176
2025-01-22 18:00:00,18.674752482108307
2025-01-22 19:00:00,21.481939074295624
2025-01-22 20:00:00,19.813227649070594
2025-01-22 21:00:00,19.319167986805365
2025-01-22 22:00:00,21.744915124233604
2025-01-22 23:00:00,27.507979442297557
2025-01-23 00:00:00,30.519445003443053
2025-01-23 01:00:00,30.77955720081628
2025-01-23 02:00:00,36.27718491755473
2025-01-23 03:00:00,33.7480276873274
2025-01-23 04:00:00,38.52809444054969
2025-01-23 05:00:00,37.23722586336576
2025-01-23 06:00:00,38.696327784395685
2025-01-23 07:00:00,39.75405560552348
2025-01-23 08:00:00,36.93942730727652
2025-01-23 09:00:00,36.301956723405816
2025-01-23 10:00:00,37.01258561842904
2025-01-23 11:00:00,31.434406711979015
2025-01-23 12:00:00,31.671384224130303
2025-01-23 13:00:00,25.15239583965949
2025-01-23 14:00:00,26.05960835583068
2025-01-23 15:00:00,25.812069429450357
2025-01-23 16:00:00,16.396456961901016
2025-01-23 17:00:00,18.746951226168406
2025-01-23 18:00:00,21.15414425436108
2025-01-23 19:00:00,19.934650965023334
2025-01-23 20:00:00,22.082037708898277
2025-01-23 21:00:00,21.72096181470281
2025-01-23 22:00:00,25.173179574945785
2025-01-23 23:00:00,27.10045507819043
2025-01-24 00:00:00,32.335564123319486
2025-01-24 01:00:00,33.09703213762759
2025-01-24 02:00:00,35.67520532415044
2025-01-24 03:00:00,36.247313879620634
2025-01-24 04:00:00,37.68504158969937
2025-01-24 05:00:00,38.79414188725145
2025-01-24 06:00:00,40.78890428475659
2025-01-24 07:00:00,38.817289301250185
2025-01-24 08:00:00,39.23980375163721
2025-01-24 09:00:00,41.2218694091563
2025-01-24 10:00:00,36.74224940686349
2025-01-24 11:00:00,31.936143386689558
2025-01-24 12:00:00,32.40242784432812
2025-01-24 13:00:00,26.595658802931833
2025-01-24 14:00:00,20.92375092964435
2025-01-24 15:00:00,20.9127595662997
2025-01-24 16:00:00,17.59816212010385
2025-01-24 17:00:00,19.637714769026722
2025-01-24 18:00:00,20.036836758379103
2025-01-24 19:00:00,23.69361636165983
2025-01-24 20:00:00,21.99360070968388
2025-01-24 21:00:00,22.490731130516775
2025-01-24 22:00:00,26.658811162367023
2025-01-24 23:00:00,22.989538930958883
2025-01-25 00:00:00,30.47122911621707
2025-01-25 01:00:00,34.129920838799165
2025-01-25 02:00:00,32.04282750844017
2025-01-25 03:00:00,39.35857589827928
2025-01-25 04:00:00,39.33724685283321
2025-01-25 05:00:00,38.8286824350891
2025-01-25 06:00:00,41.26556373221257
2025-01-25 07:00:00,44.20064397849948
2025-01-25 08:00:00,39.023986547961485
2025-01-25 09:00:00,37.567508984466244
2025-01-25 10:00:00,34.081278200919556
2025-01-25 11:00:00,30.888501712095593
2025-01-25 12:00:00,31.660671633088374
2025-01-25 13:00:00,25.699641897157136
2025-01-25 14:00:00,25.143132474438783
2025-01-25 15:00:00,21.97361729460443
2025-01-25 16:00:00,22.29770561364845
2025-01-25 17:00:00,21.008065947683217
2025-01-25 18:00:00,22.0750798885158
2025-01-25 19:00:00,19.32070893939979
2025-01-25 20:00:00,20.799996091568847
2025-01-25 21:00:00,20.971404756569736
2025-01-25 22:00:00,24.111413479847634
2025-01-25 23:00:00,28.166410535064426
2025-01-26 00:00:00,31.513977233290714
2025-01-26 01:00:00,30.74385980267005
2025-01-26 02:00:00,36.73921184021123
2025-01-26 03:00:00,39.78234352947536
2025-01-26 04:00:00,39.48712384429169
2025-01-26 05:00:00,43.412849888006775
2025-01-26 06:00:00,38.45242160179286
2025-01-26 07:00:00,37.16994885626784
2025-01-26 08:00:00,35.10281354003591
2025-01-26 09:00:00,40.06315643484389
2025-01-26 10:00:00,36.308731312708105
2025-01-26 11:00:00,32.47702110920447
2025-01-26 12:00:00,30.55993725263974
2025-01-26 13:00:00,25.16083145437805
2025-01-26 14:00:00,29.89150395923359
2025-01-26 15:00:00,23.187374552085068
2025-01-26 16:00:00,21.558535551365416
2025-01-26 17:00:00,21.79227498490676
2025-01-26 18:00:00,20.962018463473427
2025-01-26 19:00:00,20.788509785667564
2025-01-26 20:00:00,19.758797051265002
2025-01-26 21:00:00,23.87186890240659
2025-01-26 22:00:00,28.764048992949984
2025-01-26 23:00:00,30.102649641284742
2025-01-27 00:00:00,33.18637325327859
2025-01-27 01:00:00,31.565759098162722
2025-01-27 02:00:00,33.02079035948281
2025-01-27 03:00:00,36.81949397166621
2025-01-27 04:00:00,38.7717038624217
2025-01-27 05:00:00,41.84764129983257
2025-01-27 06:00:00,36.61507074057036
2025-01-27 07:00:00,42.71835890181196
2025-01-27 08:00:00,38.34423824068645
2025-01-27 09:00:00,36.217305671970635
2025-01-27 10:00:00,32.97579124947959
2025-01-27 11:00:00,29.27847710729378
2025-01-27 12:00:00,31.646341167923858
2025-01-27 13:00:00,27.558445483351818
2025-01-27 14:00:00,22.420078200518017
2025-01-27 15:00:00,20.33877464400733
2025-01-27 16:00:00,20.66817656357534
2025-01-27 17:00:00,23.678784787688073
2025-01-27 18:00:00,19.48081729727279
2025-01-27 19:00:00,17.334455830873107
2025-01-27 20:00:00,20.848259833983626
2025-01-27 21:00:00,22.383485048639105
2025-01-27 22:00:00,19.606226714116836
2025-01-27 23:00:00,27.303219815939226
2025-01-28 00:00:00,29.538130939582505
2025-01-28 01:00:00,33.98060318065199
2025-01-28 02:00:00,38.697912189890474
2025-01-28 03:00:00,39.32419787096087
2025-01-28 04:00:00,38.12247665673468
2025-01-28 05:00:00,37.44620644540735
2025-01-28 06:00:00,45.14671960649972
2025-01-28 07:00:00,39.77769513091969
2025-01-28 08:00:00,38.68811262167043
2025-01-28 09:00:00,37.02281763764542
2025-01-28 10:00:00,35.396169521535825
2025-01-28 11:00:00,32.29946962717737
2025-01-28 12:00:00,28.852675986239774
2025-01-28 13:00:00,26.31809166649389
2025-01-28 14:00:00,24.934493459568067
2025-01-28 15:00:00,21.842082645867187
2025-01-28 16:00:00,19.914054396801237
2025-01-28 17:00:00,20.553602192493138
2025-01-28 18:00:00,19.49004556515829
2025-01-28 19:00:00,23.348727714274638
2025-01-28 20:00:00,16.037806345369667
2025-01-28 21:00:00,25.11194589197942
2025-01-28 22:00:00,27.492170384995053
2025-01-28 23:00:00,23.265029084158346
2025-01-29 00:00:00,29.314624811839234
2025-01-29 01:00:00,31.845308719033643
2025-01-29 02:00:00,32.1849766105642
2025-01-29 03:00:00,35.51543443668386
2025-01-29 04:00:00,36.439102346912726
2025-01-29 05:00:00,43.163799149737876
2025-01-29 06:00:00,41.871356786294925
2025-01-29 07:00:00,42.20236845287901
2025-01-29 08:00:00,40.10359816593083
2025-01-29 09:00:00,34.81296426943112
2025-01-29 10:00:00,33.950959467440754
2025-01-29 11:00:00,33.56693957348102
2025-01-29 12:00:00,27.555744382216286
2025-01-29 13:00:00,28.837806409319654
2025-01-29 14:00:00,24.519349203683735
2025-01-29 15:00:00,22.179290573035274
2025-01-29 16:00:00,22.761665898562658
2025-01-29 17:00:00,21.229268360081477
2025-01-29 18:00:00,19.27806766836184
2025-01-29 19:00:00,22.659401343837775
2025-01-29 20:00:00,19.177619306955787
2025-01-29 21:00:00,24.16080340202287
2025-01-29 22:00:00,26.186202515936866
2025-01-29 23:00:00,26.792716670346728
2025-01-30 00:00:00,30.65226604448395
2025-01-30 01:00:00,30.085963298254686
2025-01-30 02:00:00,36.8480540384137
2025-01-30 03:00:00,36.701263538979475
2025-01-30 04:00:00,37.6148079968062
2025-01-30 05:00:00,41.7572767145645
2025-01-30 06:00:00,38.59131261891448
2025-01-30 07:00:00,36.84233567016363
2025-01-30 08:00:00,35.54699569079666
2025-01-30 09:00:00,38.283087714556814
2025-01-30 10:00:00,32.439141295007424
2025-01-30 11:00:00,36.09777881499413
2025-01-30 12:00:00,25.83614118423238
2025-01-30 13:00:00,30.80472228555489
2025-01-30 14:00:00,25.422034934405428
2025-01-30 15:00:00,22.735505964393834
2025-01-30 16:00:00,20.24990778853774
2025-01-30 17:00:00,21.13901396581345
2025-01-30 18:00:00,19.924730595150304
2025-01-30 19:00:00,22.547345501142416
2025-01-30 20:00:00,21.568201259479697
2025-01-30 21:00:00,23.229535711058144
2025-01-30 22:00:00,24.2727755755722
2025-01-30 23:00:00,27.297918301532643
